<?xml version="1.0" encoding="utf-8"?>
<extension
	type="module"
	version="2.5"
	client="site"
	method="upgrade">
	<name>mod_rislider</name>
	<author>Meta</author>
	<creationDate>10.04.2013</creationDate>
	<copyright>Copyright (C) 2013 Meta. All rights reserved.</copyright>
	<license>GNU General Public License version 2 or later;</license>
	<authorEmail>edivio@yandex.ru</authorEmail>
	<authorUrl>meta.md</authorUrl>
	<version>2.5.0</version>
	<description>Rotating Image Slider with jQuery, CSS3</description>
	<files>
		<filename module="mod_rislider">mod_rislider.php</filename>
		<folder>tmpl</folder>
		<folder>assets</folder>
		<filename>helper.php</filename>
		<filename>index.html</filename>
		<filename>mod_rislider.xml</filename>
	</files>
	<help key="JHELP_EXTENSIONS_MODULE_MANAGER_SEARCH" />
	<config>
		<fields name="params">
			<fieldset name="basic">
				<field 
					name="image_folder"
					type="text"
					label="Image Folder"
					description="Type path to images"
					default="images/slider" />
				<field 
					name="title"
					type="text"
					label="Title"
					decsription="Title"
					default="FASHION EXPLOSION 2012" />
				<field name="jquery" type="list" label="Load jQuery">
					<option value="0">No</option>
					<option value="1">Yes</option>
				</field>
				
			</fieldset>
			<fieldset
				name="advanced">
				<field
					name="layout"
					type="modulelayout"
					label="JFIELD_ALT_LAYOUT_LABEL"
					description="JFIELD_ALT_MODULE_LAYOUT_DESC" />
				<field
					name="moduleclass_sfx"
					type="text"
					label="COM_MODULES_FIELD_MODULECLASS_SFX_LABEL"
					description="COM_MODULES_FIELD_MODULECLASS_SFX_DESC" />
				<field
					name="cache"
					type="list"
					default="1"
					label="COM_MODULES_FIELD_CACHING_LABEL"
					description="COM_MODULES_FIELD_CACHING_DESC">
					<option
						value="1">JGLOBAL_USE_GLOBAL</option>
					<option
						value="0">COM_MODULES_FIELD_VALUE_NOCACHING</option>
				</field>
				<field
					name="cache_time"
					type="text"
					default="900"
					label="COM_MODULES_FIELD_CACHE_TIME_LABEL"
					description="COM_MODULES_FIELD_CACHE_TIME_DESC" />
				<field
					name="cachemode"
					type="hidden"
					default="itemid">
					<option
						value="itemid"></option>
				</field>
			</fieldset>
		</fields>
	</config>
</extension>
